Experiment,Trial,Box,Animal,Group,Component Name,Freeze Cnt,Time Freezing,Pct Total Time Freezing,Pct Component Time Freezing,Avg Motion Index,Min Motion Index,Max Motion Index
AGE 10 - TAG A,A,Chamber1,9220,CAA,PRE,16,22.133,4.92,14.76,100.31,0,1741
AGE 10 - TAG A,A,Chamber1,9220,CAA,SHK1,1,1,0.22,50,20.87,0,159
AGE 10 - TAG A,A,Chamber1,9220,CAA,POST1,3,5.4,1.2,6.92,126.38,0,1068
AGE 10 - TAG A,A,Chamber1,9220,CAA,SHK2,0,0,0,0,355.22,44,882
AGE 10 - TAG A,A,Chamber1,9220,CAA,POST2,6,7,1.56,8.97,158.66,0,1447
AGE 10 - TAG A,A,Chamber1,9220,CAA,SHK3,0,0,0,0,406.73,4,1115
AGE 10 - TAG A,A,Chamber1,9220,CAA,POST3,4,5.467,1.21,7.01,171.4,0,1144
AGE 10 - TAG A,A,Chamber1,9220,CAA,SHK4,0,0,0,0,260.87,1,1075
AGE 10 - TAG A,A,Chamber1,9220,CAA,POST4,1,1.2,0.27,2.07,263.89,0,1770
AGE 10 - TAG A,A,Chamber2,9221,CAA,PRE,3,4.933,1.1,3.29,168.95,0,1301
AGE 10 - TAG A,A,Chamber2,9221,CAA,SHK1,0,0,0,0,26.12,0,123
AGE 10 - TAG A,A,Chamber2,9221,CAA,POST1,2,2.5,0.56,3.21,186.08,0,1236
AGE 10 - TAG A,A,Chamber2,9221,CAA,SHK2,0,0,0,0,409.03,7,955
AGE 10 - TAG A,A,Chamber2,9221,CAA,POST2,1,1.3,0.29,1.67,213.62,0,1454
AGE 10 - TAG A,A,Chamber2,9221,CAA,SHK3,1,1.233,0.27,61.67,37.67,0,192
AGE 10 - TAG A,A,Chamber2,9221,CAA,POST3,3,5.033,1.12,6.45,133.27,0,1180
AGE 10 - TAG A,A,Chamber2,9221,CAA,SHK4,0,0,0,0,57.35,0,180
AGE 10 - TAG A,A,Chamber2,9221,CAA,POST4,3,3.8,0.84,6.55,150.22,0,914
AGE 10 - TAG A,A,Chamber3,9278,CAA,PRE,1,1.267,0.28,0.84,157.46,0,1117
AGE 10 - TAG A,A,Chamber3,9278,CAA,SHK1,0,0,0,0,56.18,0,242
AGE 10 - TAG A,A,Chamber3,9278,CAA,POST1,0,0,0,0,164.93,0,1178
AGE 10 - TAG A,A,Chamber3,9278,CAA,SHK2,0,0,0,0,144.2,5,454
AGE 10 - TAG A,A,Chamber3,9278,CAA,POST2,0,0,0,0,152.19,0,848
AGE 10 - TAG A,A,Chamber3,9278,CAA,SHK3,0,0,0,0,45.55,0,228
AGE 10 - TAG A,A,Chamber3,9278,CAA,POST3,0,0,0,0,155.51,0,958
AGE 10 - TAG A,A,Chamber3,9278,CAA,SHK4,0,0,0,0,132.22,12,515
AGE 10 - TAG A,A,Chamber3,9278,CAA,POST4,0,0,0,0,150.52,0,957
AGE 10 - TAG A,A,Chamber4,9224,CAA,PRE,0,0,0,0,208.54,0,2297
AGE 10 - TAG A,A,Chamber4,9224,CAA,SHK1,0,0,0,0,361.65,14,751
AGE 10 - TAG A,A,Chamber4,9224,CAA,POST1,0,0,0,0,241.67,0,1379
AGE 10 - TAG A,A,Chamber4,9224,CAA,SHK2,0,0,0,0,640.05,18,1522
AGE 10 - TAG A,A,Chamber4,9224,CAA,POST2,0,0,0,0,203.04,0,1385
AGE 10 - TAG A,A,Chamber4,9224,CAA,SHK3,0,0,0,0,445.3,102,805
AGE 10 - TAG A,A,Chamber4,9224,CAA,POST3,0,0,0,0,229.74,0,1369
AGE 10 - TAG A,A,Chamber4,9224,CAA,SHK4,0,0,0,0,95.12,5,275
AGE 10 - TAG A,A,Chamber4,9224,CAA,POST4,0,0,0,0,228.15,0,1165
AGE 10 - TAG A,A,Chamber1,8004,SAA,PRE,7,9,2,6,133.78,0,1378
AGE 10 - TAG A,A,Chamber1,8004,SAA,SHK1,0,0,0,0,1548.83,125,4564
AGE 10 - TAG A,A,Chamber1,8004,SAA,POST1,12,34.867,7.75,44.7,61.98,0,5469
AGE 10 - TAG A,A,Chamber1,8004,SAA,SHK2,0,0,0,0,1664.53,98,4229
AGE 10 - TAG A,A,Chamber1,8004,SAA,POST2,9,61.9,13.76,79.36,19.75,0,1452
AGE 10 - TAG A,A,Chamber1,8004,SAA,SHK3,0,0,0,0,1192.68,0,3298
AGE 10 - TAG A,A,Chamber1,8004,SAA,POST3,6,73.1,16.24,93.72,16.22,0,4865
AGE 10 - TAG A,A,Chamber1,8004,SAA,SHK4,0,0,0,0,2239.8,0,4895
AGE 10 - TAG A,A,Chamber1,8004,SAA,POST4,11,34.7,7.71,59.83,21.47,0,2546
AGE 10 - TAG A,A,Chamber2,8006,SAA,PRE,3,3.267,0.73,2.18,161.13,0,3620
AGE 10 - TAG A,A,Chamber2,8006,SAA,SHK1,0,0,0,0,1761.83,203,4119
AGE 10 - TAG A,A,Chamber2,8006,SAA,POST1,0,0,0,0,228.79,0,4608
AGE 10 - TAG A,A,Chamber2,8006,SAA,SHK2,0,0,0,0,1386.03,45,2909
AGE 10 - TAG A,A,Chamber2,8006,SAA,POST2,9,16.233,3.61,20.81,98.11,0,1568
AGE 10 - TAG A,A,Chamber2,8006,SAA,SHK3,0,0,0,0,1427.92,9,4078
AGE 10 - TAG A,A,Chamber2,8006,SAA,POST3,11,45.633,10.14,58.5,40.53,0,2041
AGE 10 - TAG A,A,Chamber2,8006,SAA,SHK4,0,0,0,0,1472.87,0,4471
AGE 10 - TAG A,A,Chamber2,8006,SAA,POST4,6,47.2,10.49,81.38,40.12,0,3038
AGE 10 - TAG A,A,Chamber3,9272,SAA,PRE,4,4.467,0.99,2.98,133.2,0,974
AGE 10 - TAG A,A,Chamber3,9272,SAA,SHK1,0,0,0,0,388.18,53,1322
AGE 10 - TAG A,A,Chamber3,9272,SAA,POST1,1,1.767,0.39,2.26,84.23,0,943
AGE 10 - TAG A,A,Chamber3,9272,SAA,SHK2,0,0,0,0,662.85,78,2243
AGE 10 - TAG A,A,Chamber3,9272,SAA,POST2,5,17.1,3.8,21.92,33.15,0,501
AGE 10 - TAG A,A,Chamber3,9272,SAA,SHK3,0,0,0,0,645.08,12,2297
AGE 10 - TAG A,A,Chamber3,9272,SAA,POST3,9,54.333,12.07,69.66,9.46,0,959
AGE 10 - TAG A,A,Chamber3,9272,SAA,SHK4,0,0,0,0,890.87,0,2927
AGE 10 - TAG A,A,Chamber3,9272,SAA,POST4,5,50.2,11.16,86.55,6.72,0,847
AGE 10 - TAG A,A,Chamber4,8056,SAA,PRE,0,0,0,0,203.65,0,1305
AGE 10 - TAG A,A,Chamber4,8056,SAA,SHK1,0,0,0,0,1437.4,5,3894
AGE 10 - TAG A,A,Chamber4,8056,SAA,POST1,3,4.033,0.9,5.17,167.72,0,2134
AGE 10 - TAG A,A,Chamber4,8056,SAA,SHK2,0,0,0,0,1259.88,52,4192
AGE 10 - TAG A,A,Chamber4,8056,SAA,POST2,15,56.6,12.58,72.56,22.54,0,1628
AGE 10 - TAG A,A,Chamber4,8056,SAA,SHK3,0,0,0,0,1041.37,0,2253
AGE 10 - TAG A,A,Chamber4,8056,SAA,POST3,9,68,15.11,87.18,8.99,0,553
AGE 10 - TAG A,A,Chamber4,8056,SAA,SHK4,0,0,0,0,1201.43,0,2759
AGE 10 - TAG A,A,Chamber4,8056,SAA,POST4,8,12.633,2.81,21.78,25.95,0,2498
AGE 10 - TAG A,B,Chamber1,9228,SAA,PRE,0,0,0,0,293.12,0,1654
AGE 10 - TAG A,B,Chamber1,9228,SAA,SHK1,0,0,0,0,2279.83,15,4218
AGE 10 - TAG A,B,Chamber1,9228,SAA,POST1,4,5.533,1.23,7.09,197.83,0,3081
AGE 10 - TAG A,B,Chamber1,9228,SAA,SHK2,0,0,0,0,1606.58,151,5004
AGE 10 - TAG A,B,Chamber1,9228,SAA,POST2,5,6.733,1.5,8.63,96.66,0,6170
AGE 10 - TAG A,B,Chamber1,9228,SAA,SHK3,0,0,0,0,1242.28,15,3174
AGE 10 - TAG A,B,Chamber1,9228,SAA,POST3,11,40.033,8.9,51.32,57.46,0,1122
AGE 10 - TAG A,B,Chamber1,9228,SAA,SHK4,0,0,0,0,1200.88,70,3604
AGE 10 - TAG A,B,Chamber1,9228,SAA,POST4,3,26.8,5.96,46.21,63.89,0,1270
AGE 10 - TAG A,B,Chamber2,9229,SAA,PRE,0,0,0,0,369.91,0,1982
AGE 10 - TAG A,B,Chamber2,9229,SAA,SHK1,0,0,0,0,1900.47,55,5382
AGE 10 - TAG A,B,Chamber2,9229,SAA,POST1,2,3.233,0.72,4.15,132.72,0,2971
AGE 10 - TAG A,B,Chamber2,9229,SAA,SHK2,0,0,0,0,1441.28,230,4704
AGE 10 - TAG A,B,Chamber2,9229,SAA,POST2,3,6.667,1.48,8.55,149.54,0,2065
AGE 10 - TAG A,B,Chamber2,9229,SAA,SHK3,0,0,0,0,1619.55,44,4066
AGE 10 - TAG A,B,Chamber2,9229,SAA,POST3,11,30.5,6.78,39.1,72.38,0,5281
AGE 10 - TAG A,B,Chamber2,9229,SAA,SHK4,0,0,0,0,1637.12,26,4553
AGE 10 - TAG A,B,Chamber2,9229,SAA,POST4,9,31.7,7.04,54.66,46.65,0,1121
AGE 10 - TAG A,B,Chamber3,8060,SAA,PRE,5,7.833,1.74,5.22,161.71,0,991
AGE 10 - TAG A,B,Chamber3,8060,SAA,SHK1,0,0,0,0,1205.17,0,3441
AGE 10 - TAG A,B,Chamber3,8060,SAA,POST1,6,13.833,3.07,17.74,98.99,0,1262
AGE 10 - TAG A,B,Chamber3,8060,SAA,SHK2,0,0,0,0,797.2,0,3431
AGE 10 - TAG A,B,Chamber3,8060,SAA,POST2,12,43.433,9.65,55.68,31.29,0,2113
AGE 10 - TAG A,B,Chamber3,8060,SAA,SHK3,0,0,0,0,792.67,0,1980
AGE 10 - TAG A,B,Chamber3,8060,SAA,POST3,15,52.1,11.58,66.79,16.48,0,1165
AGE 10 - TAG A,B,Chamber3,8060,SAA,SHK4,0,0,0,0,743.57,0,2447
AGE 10 - TAG A,B,Chamber3,8060,SAA,POST4,8,48.733,10.83,84.02,12.74,0,917
AGE 10 - TAG A,B,Chamber4,8061,SAA,PRE,1,1.033,0.23,0.69,235.09,0,1608
AGE 10 - TAG A,B,Chamber4,8061,SAA,SHK1,0,0,0,0,1037.48,32,2275
AGE 10 - TAG A,B,Chamber4,8061,SAA,POST1,7,12.367,2.75,15.85,109.26,0,2621
AGE 10 - TAG A,B,Chamber4,8061,SAA,SHK2,0,0,0,0,1092.77,0,2846
AGE 10 - TAG A,B,Chamber4,8061,SAA,POST2,11,59.1,13.13,75.77,15.34,0,499
AGE 10 - TAG A,B,Chamber4,8061,SAA,SHK3,0,0,0,0,878.07,62,2384
AGE 10 - TAG A,B,Chamber4,8061,SAA,POST3,2,55.267,12.28,70.85,31.66,0,1964
AGE 10 - TAG A,B,Chamber4,8061,SAA,SHK4,0,0,0,0,871.23,9,2553
AGE 10 - TAG A,B,Chamber4,8061,SAA,POST4,3,51.1,11.36,88.1,16.14,0,1895
AGE 10 - TAG A,C,Chamber1,8753,SAB,PRE,8,10.267,2.28,6.84,121.22,0,1100
AGE 10 - TAG A,C,Chamber1,8753,SAB,SHK1,0,0,0,0,1608.42,122,4818
AGE 10 - TAG A,C,Chamber1,8753,SAB,POST1,19,42.7,9.49,54.74,50.24,0,3628
AGE 10 - TAG A,C,Chamber1,8753,SAB,SHK2,0,0,0,0,1602.45,0,3917
AGE 10 - TAG A,C,Chamber1,8753,SAB,POST2,14,40.667,9.04,52.14,56.46,0,2566
AGE 10 - TAG A,C,Chamber1,8753,SAB,SHK3,0,0,0,0,1590.25,8,4472
AGE 10 - TAG A,C,Chamber1,8753,SAB,POST3,14,43.333,9.63,55.56,36.88,0,865
AGE 10 - TAG A,C,Chamber1,8753,SAB,SHK4,0,0,0,0,1041.63,0,4809
AGE 10 - TAG A,C,Chamber1,8753,SAB,POST4,3,40.567,9.01,69.94,40.79,0,920
AGE 10 - TAG A,C,Chamber2,8350,SAB,PRE,3,3.8,0.84,2.53,147.56,0,1505
AGE 10 - TAG A,C,Chamber2,8350,SAB,SHK1,0,0,0,0,2116.32,111,5044
AGE 10 - TAG A,C,Chamber2,8350,SAB,POST1,10,18,4,23.08,184.99,0,4093
AGE 10 - TAG A,C,Chamber2,8350,SAB,SHK2,0,0,0,0,2527.57,0,5496
AGE 10 - TAG A,C,Chamber2,8350,SAB,POST2,11,34.2,7.6,43.85,96.35,0,2475
AGE 10 - TAG A,C,Chamber2,8350,SAB,SHK3,0,0,0,0,1521.13,18,3279
AGE 10 - TAG A,C,Chamber2,8350,SAB,POST3,7,34.1,7.58,43.72,73.63,0,2201
AGE 10 - TAG A,C,Chamber2,8350,SAB,SHK4,0,0,0,0,2681.32,0,6366
AGE 10 - TAG A,C,Chamber2,8350,SAB,POST4,4,48.167,10.7,83.05,22.61,0,2502
AGE 10 - TAG A,C,Chamber3,8284,SAB,PRE,3,3.5,0.78,2.33,148.88,0,1116
AGE 10 - TAG A,C,Chamber3,8284,SAB,SHK1,0,0,0,0,1073.63,0,3159
AGE 10 - TAG A,C,Chamber3,8284,SAB,POST1,7,15.733,3.5,20.17,82.9,0,746
AGE 10 - TAG A,C,Chamber3,8284,SAB,SHK2,0,0,0,0,980.63,5,3467
AGE 10 - TAG A,C,Chamber3,8284,SAB,POST2,4,36.667,8.15,47.01,23.36,0,1272
AGE 10 - TAG A,C,Chamber3,8284,SAB,SHK3,0,0,0,0,893.05,2,2635
AGE 10 - TAG A,C,Chamber3,8284,SAB,POST3,8,64.233,14.27,82.35,5.6,0,456
AGE 10 - TAG A,C,Chamber3,8284,SAB,SHK4,0,0,0,0,966.07,0,2193
AGE 10 - TAG A,C,Chamber3,8284,SAB,POST4,4,55.167,12.26,95.11,3.32,0,599
AGE 10 - TAG A,C,Chamber4,9266,SAB,PRE,0,0,0,0,183.33,0,2307
AGE 10 - TAG A,C,Chamber4,9266,SAB,SHK1,0,0,0,0,804.32,10,2013
AGE 10 - TAG A,C,Chamber4,9266,SAB,POST1,0,0,0,0,124.5,0,2983
AGE 10 - TAG A,C,Chamber4,9266,SAB,SHK2,0,0,0,0,693.43,181,1939
AGE 10 - TAG A,C,Chamber4,9266,SAB,POST2,2,2.533,0.56,3.25,126.42,0,782
AGE 10 - TAG A,C,Chamber4,9266,SAB,SHK3,0,0,0,0,678.08,110,1609
AGE 10 - TAG A,C,Chamber4,9266,SAB,POST3,17,29.633,6.59,37.99,44.94,0,742
AGE 10 - TAG A,C,Chamber4,9266,SAB,SHK4,0,0,0,0,672.52,0,1388
AGE 10 - TAG A,C,Chamber4,9266,SAB,POST4,12,39.433,8.76,67.99,24.25,0,1468
AGE 10 - TAG A,D,Chamber1,8351,SAB,PRE,11,14.333,3.19,9.56,143.41,0,1297
AGE 10 - TAG A,D,Chamber1,8351,SAB,SHK1,0,0,0,0,1865.3,101,5722
AGE 10 - TAG A,D,Chamber1,8351,SAB,POST1,10,20.367,4.53,26.11,81.52,0,713
AGE 10 - TAG A,D,Chamber1,8351,SAB,SHK2,0,0,0,0,1366.62,234,4933
AGE 10 - TAG A,D,Chamber1,8351,SAB,POST2,6,61.367,13.64,78.68,25.97,0,1049
AGE 10 - TAG A,D,Chamber1,8351,SAB,SHK3,0,0,0,0,1204.8,4,3029
AGE 10 - TAG A,D,Chamber1,8351,SAB,POST3,6,63.9,14.2,81.92,22.81,0,3355
AGE 10 - TAG A,D,Chamber1,8351,SAB,SHK4,0,0,0,0,1013.77,0,3411
AGE 10 - TAG A,D,Chamber1,8351,SAB,POST4,5,47.867,10.64,82.53,20.47,0,4658
AGE 10 - TAG A,D,Chamber2,8352,SAB,PRE,0,0,0,0,311.25,0,2407
AGE 10 - TAG A,D,Chamber2,8352,SAB,SHK1,0,0,0,0,2380.13,164,5219
AGE 10 - TAG A,D,Chamber2,8352,SAB,POST1,0,0,0,0,161.14,0,4711
AGE 10 - TAG A,D,Chamber2,8352,SAB,SHK2,0,0,0,0,1599.6,148,3223
AGE 10 - TAG A,D,Chamber2,8352,SAB,POST2,7,36.767,8.17,47.14,44.98,0,2442
AGE 10 - TAG A,D,Chamber2,8352,SAB,SHK3,0,0,0,0,1482.93,0,5233
AGE 10 - TAG A,D,Chamber2,8352,SAB,POST3,11,56.267,12.5,72.14,19.86,0,1897
AGE 10 - TAG A,D,Chamber2,8352,SAB,SHK4,0,0,0,0,1684.02,135,4092
AGE 10 - TAG A,D,Chamber2,8352,SAB,POST4,8,37.5,8.33,64.66,44.23,0,6502
AGE 10 - TAG A,D,Chamber3,9275,SAB,PRE,1,1.333,0.3,0.89,175.66,0,1110
AGE 10 - TAG A,D,Chamber3,9275,SAB,SHK1,0,0,0,0,636.87,30,2255
AGE 10 - TAG A,D,Chamber3,9275,SAB,POST1,0,0,0,0,105.09,0,639
AGE 10 - TAG A,D,Chamber3,9275,SAB,SHK2,0,0,0,0,583.08,3,2390
AGE 10 - TAG A,D,Chamber3,9275,SAB,POST2,4,5.067,1.13,6.5,49.32,0,392
AGE 10 - TAG A,D,Chamber3,9275,SAB,SHK3,0,0,0,0,633.2,19,2256
AGE 10 - TAG A,D,Chamber3,9275,SAB,POST3,10,18.5,4.11,23.72,36.72,0,577
AGE 10 - TAG A,D,Chamber3,9275,SAB,SHK4,0,0,0,0,745.92,51,3299
AGE 10 - TAG A,D,Chamber3,9275,SAB,POST4,8,24.433,5.43,42.13,34.33,0,2955
AGE 10 - TAG A,D,Chamber4,9276,SAB,PRE,0,0,0,0,243.2,0,1449
AGE 10 - TAG A,D,Chamber4,9276,SAB,SHK1,0,0,0,0,1269.92,251,3636
AGE 10 - TAG A,D,Chamber4,9276,SAB,POST1,4,6.133,1.36,7.86,130.74,0,820
AGE 10 - TAG A,D,Chamber4,9276,SAB,SHK2,0,0,0,0,785.18,74,2442
AGE 10 - TAG A,D,Chamber4,9276,SAB,POST2,17,30.967,6.88,39.7,43.29,0,2270
AGE 10 - TAG A,D,Chamber4,9276,SAB,SHK3,0,0,0,0,1062.77,0,2829
AGE 10 - TAG A,D,Chamber4,9276,SAB,POST3,16,48.633,10.81,62.35,58.18,0,3736
AGE 10 - TAG A,D,Chamber4,9276,SAB,SHK4,0,0,0,0,1061.12,0,3061
AGE 10 - TAG A,D,Chamber4,9276,SAB,POST4,13,44.267,9.84,76.32,17.48,0,867
AGE 10 - TAG A,F,Chamber1,9222,CAA,PRE,0,0,0,0,295.28,0,2099
AGE 10 - TAG A,F,Chamber1,9222,CAA,SHK1,0,0,0,0,419.82,23,1078
AGE 10 - TAG A,F,Chamber1,9222,CAA,POST1,0,0,0,0,262.88,0,1601
AGE 10 - TAG A,F,Chamber1,9222,CAA,SHK2,0,0,0,0,415.28,103,899
AGE 10 - TAG A,F,Chamber1,9222,CAA,POST2,1,3.7,0.82,4.74,212.13,0,1537
AGE 10 - TAG A,F,Chamber1,9222,CAA,SHK3,0,0,0,0,30.05,0,106
AGE 10 - TAG A,F,Chamber1,9222,CAA,POST3,0,0,0,0,304.28,0,1370
AGE 10 - TAG A,F,Chamber1,9222,CAA,SHK4,0,0,0,0,416.17,32,746
AGE 10 - TAG A,F,Chamber1,9222,CAA,POST4,0,0,0,0,248.15,0,1348
AGE 10 - TAG A,F,Chamber2,8358,CAA,PRE,0,0,0,0,230.99,0,1254
AGE 10 - TAG A,F,Chamber2,8358,CAA,SHK1,0,0,0,0,93.23,7,342
AGE 10 - TAG A,F,Chamber2,8358,CAA,POST1,0,0,0,0,304.04,0,1504
AGE 10 - TAG A,F,Chamber2,8358,CAA,SHK2,0,0,0,0,234.85,3,448
AGE 10 - TAG A,F,Chamber2,8358,CAA,POST2,0,0,0,0,211.43,0,1094
AGE 10 - TAG A,F,Chamber2,8358,CAA,SHK3,0,0,0,0,98.58,0,391
AGE 10 - TAG A,F,Chamber2,8358,CAA,POST3,1,1.033,0.23,1.32,332.31,0,1552
AGE 10 - TAG A,F,Chamber2,8358,CAA,SHK4,0,0,0,0,40.55,0,133
AGE 10 - TAG A,F,Chamber2,8358,CAA,POST4,0,0,0,0,301.09,0,1589
AGE 10 - TAG A,F,Chamber3,9265,CAA,PRE,0,0,0,0,168.96,0,813
AGE 10 - TAG A,F,Chamber3,9265,CAA,SHK1,0,0,0,0,44.47,1,210
AGE 10 - TAG A,F,Chamber3,9265,CAA,POST1,5,9.233,2.05,11.84,120.83,0,1208
AGE 10 - TAG A,F,Chamber3,9265,CAA,SHK2,0,0,0,0,139.95,0,370
AGE 10 - TAG A,F,Chamber3,9265,CAA,POST2,2,2.4,0.53,3.08,139.69,0,831
AGE 10 - TAG A,F,Chamber3,9265,CAA,SHK3,0,0,0,0,117,1,355
AGE 10 - TAG A,F,Chamber3,9265,CAA,POST3,2,2.167,0.48,2.78,162.88,0,1030
AGE 10 - TAG A,F,Chamber3,9265,CAA,SHK4,0,0,0,0,138.18,0,359
AGE 10 - TAG A,F,Chamber3,9265,CAA,POST4,3,4.133,0.92,7.13,111.55,0,807
AGE 10 - TAG A,F,Chamber4,9214,CAA,PRE,2,3.033,0.67,2.02,230.69,0,1309
AGE 10 - TAG A,F,Chamber4,9214,CAA,SHK1,0,0,0,0,234.45,24,644
AGE 10 - TAG A,F,Chamber4,9214,CAA,POST1,1,3.133,0.7,4.02,225.98,0,1041
AGE 10 - TAG A,F,Chamber4,9214,CAA,SHK2,1,1.233,0.27,61.67,20.82,0,217
AGE 10 - TAG A,F,Chamber4,9214,CAA,POST2,1,1.767,0.39,2.26,180.63,0,1077
AGE 10 - TAG A,F,Chamber4,9214,CAA,SHK3,0,0,0,0,163.72,17,523
AGE 10 - TAG A,F,Chamber4,9214,CAA,POST3,1,1.7,0.38,2.18,236.51,0,1146
AGE 10 - TAG A,F,Chamber4,9214,CAA,SHK4,0,0,0,0,388.68,34,821
AGE 10 - TAG A,F,Chamber4,9214,CAA,POST4,0,0,0,0,201.21,0,913
AGE 10 - TAG A,G,Chamber1,8360,CAB,PRE,1,1.167,0.26,0.78,251.07,0,1661
AGE 10 - TAG A,G,Chamber1,8360,CAB,SHK1,0,0,0,0,230.05,0,635
AGE 10 - TAG A,G,Chamber1,8360,CAB,POST1,0,0,0,0,308.15,0,1613
AGE 10 - TAG A,G,Chamber1,8360,CAB,SHK2,0,0,0,0,553.88,1,1324
AGE 10 - TAG A,G,Chamber1,8360,CAB,POST2,0,0,0,0,230.88,0,1525
AGE 10 - TAG A,G,Chamber1,8360,CAB,SHK3,0,0,0,0,123.1,3,323
AGE 10 - TAG A,G,Chamber1,8360,CAB,POST3,1,1.633,0.36,2.09,151.49,0,935
AGE 10 - TAG A,G,Chamber1,8360,CAB,SHK4,0,0,0,0,105.7,0,407
AGE 10 - TAG A,G,Chamber1,8360,CAB,POST4,0,0,0,0,160.73,0,1649
AGE 10 - TAG A,G,Chamber2,8364,CAB,PRE,4,5.733,1.27,3.82,229.41,0,1818
AGE 10 - TAG A,G,Chamber2,8364,CAB,SHK1,0,0,0,0,458.45,1,1163
AGE 10 - TAG A,G,Chamber2,8364,CAB,POST1,0,0,0,0,258.5,0,1347
AGE 10 - TAG A,G,Chamber2,8364,CAB,SHK2,0,0,0,0,342.17,31,611
AGE 10 - TAG A,G,Chamber2,8364,CAB,POST2,1,1,0.22,1.28,241.71,0,1890
AGE 10 - TAG A,G,Chamber2,8364,CAB,SHK3,0,0,0,0,456.2,119,828
AGE 10 - TAG A,G,Chamber2,8364,CAB,POST3,0,0,0,0,229.61,0,1081
AGE 10 - TAG A,G,Chamber2,8364,CAB,SHK4,0,0,0,0,101.57,0,466
AGE 10 - TAG A,G,Chamber2,8364,CAB,POST4,1,1.667,0.37,2.87,251.37,0,1359
AGE 10 - TAG A,G,Chamber3,9204,CAB,PRE,4,4.833,1.07,3.22,134.61,0,971
AGE 10 - TAG A,G,Chamber3,9204,CAB,SHK1,0,0,0,0,158.38,2,444
AGE 10 - TAG A,G,Chamber3,9204,CAB,POST1,2,2.233,0.5,2.86,162.98,0,1113
AGE 10 - TAG A,G,Chamber3,9204,CAB,SHK2,0,0,0,0,322.8,39,787
AGE 10 - TAG A,G,Chamber3,9204,CAB,POST2,4,5.2,1.16,6.67,127.76,0,1041
AGE 10 - TAG A,G,Chamber3,9204,CAB,SHK3,0,0,0,0,47.53,1,241
AGE 10 - TAG A,G,Chamber3,9204,CAB,POST3,6,7.733,1.72,9.91,100.92,0,757
AGE 10 - TAG A,G,Chamber3,9204,CAB,SHK4,1,1,0.22,50,124.6,0,661
AGE 10 - TAG A,G,Chamber3,9204,CAB,POST4,6,7.533,1.67,12.99,95.66,0,707
AGE 10 - TAG A,G,Chamber4,8487,CAB,PRE,3,3.633,0.81,2.42,156.25,0,1140
AGE 10 - TAG A,G,Chamber4,8487,CAB,SHK1,0,0,0,0,54.72,0,151
AGE 10 - TAG A,G,Chamber4,8487,CAB,POST1,0,0,0,0,220.09,0,1086
AGE 10 - TAG A,G,Chamber4,8487,CAB,SHK2,0,0,0,0,109.68,0,354
AGE 10 - TAG A,G,Chamber4,8487,CAB,POST2,3,4.233,0.94,5.43,135.28,0,848
AGE 10 - TAG A,G,Chamber4,8487,CAB,SHK3,0,0,0,0,348.63,20,970
AGE 10 - TAG A,G,Chamber4,8487,CAB,POST3,0,0,0,0,184.08,0,1215
AGE 10 - TAG A,G,Chamber4,8487,CAB,SHK4,0,0,0,0,88.48,9,246
AGE 10 - TAG A,G,Chamber4,8487,CAB,POST4,1,1.267,0.28,2.18,193.98,0,958
AGE 10 - TAG A,H,Chamber1,8365,CAB,PRE,0,0,0,0,286.1,0,1737
AGE 10 - TAG A,H,Chamber1,8365,CAB,SHK1,0,0,0,0,151.38,1,591
AGE 10 - TAG A,H,Chamber1,8365,CAB,POST1,0,0,0,0,238.44,0,1558
AGE 10 - TAG A,H,Chamber1,8365,CAB,SHK2,0,0,0,0,584.32,127,1422
AGE 10 - TAG A,H,Chamber1,8365,CAB,POST2,0,0,0,0,253.02,0,1215
AGE 10 - TAG A,H,Chamber1,8365,CAB,SHK3,0,0,0,0,115.78,17,321
AGE 10 - TAG A,H,Chamber1,8365,CAB,POST3,0,0,0,0,216.27,0,1316
AGE 10 - TAG A,H,Chamber1,8365,CAB,SHK4,0,0,0,0,189.53,0,424
AGE 10 - TAG A,H,Chamber1,8365,CAB,POST4,0,0,0,0,263.98,0,1422
AGE 10 - TAG A,H,Chamber2,8488,CAB,PRE,0,0,0,0,306.35,0,2315
AGE 10 - TAG A,H,Chamber2,8488,CAB,SHK1,0,0,0,0,218.63,8,566
AGE 10 - TAG A,H,Chamber2,8488,CAB,POST1,2,2.867,0.64,3.68,210.87,0,1187
AGE 10 - TAG A,H,Chamber2,8488,CAB,SHK2,0,0,0,0,471.47,64,946
AGE 10 - TAG A,H,Chamber2,8488,CAB,POST2,3,3.367,0.75,4.32,219.88,0,1135
AGE 10 - TAG A,H,Chamber2,8488,CAB,SHK3,1,1.2,0.27,60,8.88,0,95
AGE 10 - TAG A,H,Chamber2,8488,CAB,POST3,10,14.833,3.3,19.02,166.06,0,3694
AGE 10 - TAG A,H,Chamber2,8488,CAB,SHK4,0,0,0,0,288.08,80,593
AGE 10 - TAG A,H,Chamber2,8488,CAB,POST4,1,1.033,0.23,1.78,188.1,0,1412
AGE 10 - TAG A,H,Chamber3,8489,CAB,PRE,0,0,0,0,184.87,0,1348
AGE 10 - TAG A,H,Chamber3,8489,CAB,SHK1,0,0,0,0,105.87,21,207
AGE 10 - TAG A,H,Chamber3,8489,CAB,POST1,0,0,0,0,188.12,0,2612
AGE 10 - TAG A,H,Chamber3,8489,CAB,SHK2,0,0,0,0,295.9,47,598
AGE 10 - TAG A,H,Chamber3,8489,CAB,POST2,0,0,0,0,184.81,0,826
AGE 10 - TAG A,H,Chamber3,8489,CAB,SHK3,0,0,0,0,246.85,52,529
AGE 10 - TAG A,H,Chamber3,8489,CAB,POST3,0,0,0,0,163.75,0,1186
AGE 10 - TAG A,H,Chamber3,8489,CAB,SHK4,0,0,0,0,174.95,16,554
AGE 10 - TAG A,H,Chamber3,8489,CAB,POST4,0,0,0,0,197.03,0,1135
AGE 10 - TAG A,H,Chamber4,8492,CAB,PRE,1,1.167,0.26,0.78,181.71,0,937
AGE 10 - TAG A,H,Chamber4,8492,CAB,SHK1,0,0,0,0,156.57,36,309
AGE 10 - TAG A,H,Chamber4,8492,CAB,POST1,0,0,0,0,217.51,0,1034
AGE 10 - TAG A,H,Chamber4,8492,CAB,SHK2,0,0,0,0,103.9,19,426
AGE 10 - TAG A,H,Chamber4,8492,CAB,POST2,0,0,0,0,264.3,0,1321
AGE 10 - TAG A,H,Chamber4,8492,CAB,SHK3,0,0,0,0,419.55,7,948
AGE 10 - TAG A,H,Chamber4,8492,CAB,POST3,0,0,0,0,219.17,0,974
AGE 10 - TAG A,H,Chamber4,8492,CAB,SHK4,0,0,0,0,158.12,7,409
AGE 10 - TAG A,H,Chamber4,8492,CAB,POST4,0,0,0,0,240.83,0,1322
AGE 11A,E,Chamber1,3539,CAA,PRE,7,10.8,2.4,7.2,257.39,0,1753
AGE 11A,E,Chamber1,3539,CAA,SHK1,0,0,0,0,388.08,25,752
AGE 11A,E,Chamber1,3539,CAA,POST1,11,16.133,3.59,20.68,117.21,0,1773
AGE 11A,E,Chamber1,3539,CAA,SHK2,0,0,0,0,114.75,0,355
AGE 11A,E,Chamber1,3539,CAA,POST2,1,2.167,0.48,2.78,218.85,0,1602
AGE 11A,E,Chamber1,3539,CAA,SHK3,0,0,0,0,19.93,0,107
AGE 11A,E,Chamber1,3539,CAA,POST3,8,10.633,2.36,13.63,157.32,0,1290
AGE 11A,E,Chamber1,3539,CAA,SHK4,1,1.1,0.24,55,1.5,0,33
AGE 11A,E,Chamber1,3539,CAA,POST4,3,4.867,1.08,8.39,184.58,0,1008
AGE 11A,E,Chamber2,3540,CAA,PRE,0,0,0,0,202.95,0,1518
AGE 11A,E,Chamber2,3540,CAA,SHK1,0,0,0,0,222.47,2,537
AGE 11A,E,Chamber2,3540,CAA,POST1,0,0,0,0,247.68,0,1541
AGE 11A,E,Chamber2,3540,CAA,SHK2,0,0,0,0,143.08,0,580
AGE 11A,E,Chamber2,3540,CAA,POST2,0,0,0,0,265.85,0,1458
AGE 11A,E,Chamber2,3540,CAA,SHK3,0,0,0,0,60.6,0,216
AGE 11A,E,Chamber2,3540,CAA,POST3,0,0,0,0,222.7,0,1161
AGE 11A,E,Chamber2,3540,CAA,SHK4,0,0,0,0,495,39,1109
AGE 11A,E,Chamber2,3540,CAA,POST4,0,0,0,0,279.29,0,1622
AGE 11A,E,Chamber3,3541,CAA,PRE,30,45.267,10.06,30.18,68.44,0,906
AGE 11A,E,Chamber3,3541,CAA,SHK1,0,0,0,0,6.12,0,78
AGE 11A,E,Chamber3,3541,CAA,POST1,9,13.767,3.06,17.65,90.79,0,873
AGE 11A,E,Chamber3,3541,CAA,SHK2,0,0,0,0,137.03,0,442
AGE 11A,E,Chamber3,3541,CAA,POST2,14,23.1,5.13,29.62,53.54,0,639
AGE 11A,E,Chamber3,3541,CAA,SHK3,0,0,0,0,27.7,0,191
AGE 11A,E,Chamber3,3541,CAA,POST3,14,23.333,5.19,29.91,53.75,0,714
AGE 11A,E,Chamber3,3541,CAA,SHK4,0,0,0,0,13.3,0,113
AGE 11A,E,Chamber3,3541,CAA,POST4,12,19.467,4.33,33.56,54.9,0,552
AGE 11A,E,Chamber4,3602,CAA,PRE,0,0,0,0,377.02,0,2006
AGE 11A,E,Chamber4,3602,CAA,SHK1,0,0,0,0,290.57,3,609
AGE 11A,E,Chamber4,3602,CAA,POST1,0,0,0,0,342.35,0,1559
AGE 11A,E,Chamber4,3602,CAA,SHK2,0,0,0,0,427.77,11,1015
AGE 11A,E,Chamber4,3602,CAA,POST2,0,0,0,0,400.27,0,1845
AGE 11A,E,Chamber4,3602,CAA,SHK3,0,0,0,0,135.67,1,335
AGE 11A,E,Chamber4,3602,CAA,POST3,0,0,0,0,381.12,0,1848
AGE 11A,E,Chamber4,3602,CAA,SHK4,0,0,0,0,135.77,0,603
AGE 11A,E,Chamber4,3602,CAA,POST4,0,0,0,0,372.7,0,1753
AGE 11A - TAG,A,Chamber1,3422,SAA,PRE,3,3.367,0.75,2.24,265.15,0,1774
AGE 11A - TAG,A,Chamber1,3422,SAA,SHK1,0,0,0,0,2132.67,36,6279
AGE 11A - TAG,A,Chamber1,3422,SAA,POST1,7,57.067,12.68,73.16,50.09,0,2464
AGE 11A - TAG,A,Chamber1,3422,SAA,SHK2,0,0,0,0,1391.05,0,3573
AGE 11A - TAG,A,Chamber1,3422,SAA,POST2,13,54.067,12.01,69.32,71.74,0,2723
AGE 11A - TAG,A,Chamber1,3422,SAA,SHK3,0,0,0,0,1036.1,0,3382
AGE 11A - TAG,A,Chamber1,3422,SAA,POST3,3,26.333,5.85,33.76,91.58,0,1614
AGE 11A - TAG,A,Chamber1,3422,SAA,SHK4,0,0,0,0,1829.38,0,4215
AGE 11A - TAG,A,Chamber1,3422,SAA,POST4,5,42.433,9.43,73.16,100.97,0,2701
AGE 11A - TAG,A,Chamber2,3427,SAA,PRE,0,0,0,0,296.98,0,1648
AGE 11A - TAG,A,Chamber2,3427,SAA,SHK1,0,0,0,0,1639.9,85,4082
AGE 11A - TAG,A,Chamber2,3427,SAA,POST1,0,0,0,0,142.86,0,942
AGE 11A - TAG,A,Chamber2,3427,SAA,SHK2,0,0,0,0,1685.92,15,3656
AGE 11A - TAG,A,Chamber2,3427,SAA,POST2,9,25.133,5.59,32.22,78.09,0,3605
AGE 11A - TAG,A,Chamber2,3427,SAA,SHK3,0,0,0,0,1357.5,0,3338
AGE 11A - TAG,A,Chamber2,3427,SAA,POST3,7,29.8,6.62,38.21,81.11,0,1363
AGE 11A - TAG,A,Chamber2,3427,SAA,SHK4,0,0,0,0,1537.53,0,4279
AGE 11A - TAG,A,Chamber2,3427,SAA,POST4,8,23.833,5.3,41.09,30.1,0,1363
AGE 11A - TAG,A,Chamber3,3429,SAA,PRE,13,21.8,4.84,14.53,122.78,0,1011
AGE 11A - TAG,A,Chamber3,3429,SAA,SHK1,0,0,0,0,1280.2,0,3468
AGE 11A - TAG,A,Chamber3,3429,SAA,POST1,4,58.167,12.93,74.57,32.96,0,2594
AGE 11A - TAG,A,Chamber3,3429,SAA,SHK2,0,0,0,0,980.98,4,3173
AGE 11A - TAG,A,Chamber3,3429,SAA,POST2,5,36.733,8.16,47.09,63.05,0,3159
AGE 11A - TAG,A,Chamber3,3429,SAA,SHK3,0,0,0,0,923.73,70,3127
AGE 11A - TAG,A,Chamber3,3429,SAA,POST3,6,58.9,13.09,75.51,20.09,0,1826
AGE 11A - TAG,A,Chamber3,3429,SAA,SHK4,0,0,0,0,608.32,0,1420
AGE 11A - TAG,A,Chamber3,3429,SAA,POST4,3,54.133,12.03,93.33,4.55,0,556
AGE 11A - TAG,A,Chamber4,3425,SAA,PRE,0,0,0,0,522.07,1,1991
AGE 11A - TAG,A,Chamber4,3425,SAA,SHK1,0,0,0,0,2453.93,109,4295
AGE 11A - TAG,A,Chamber4,3425,SAA,POST1,16,62.967,13.99,80.73,40.07,0,4086
AGE 11A - TAG,A,Chamber4,3425,SAA,SHK2,0,0,0,0,2707.9,0,6758
AGE 11A - TAG,A,Chamber4,3425,SAA,POST2,10,39.133,8.7,50.17,54.87,0,4473
AGE 11A - TAG,A,Chamber4,3425,SAA,SHK3,0,0,0,0,2695.8,1,5637
AGE 11A - TAG,A,Chamber4,3425,SAA,POST3,9,58.833,13.07,75.43,29.01,0,2962
AGE 11A - TAG,A,Chamber4,3425,SAA,SHK4,0,0,0,0,2611.82,0,6459
AGE 11A - TAG,A,Chamber4,3425,SAA,POST4,5,44.567,9.9,76.84,67.52,0,6087
AGE 11A - TAG,B,Chamber1,3507,SAA,PRE,2,2.533,0.56,1.69,253.75,0,1788
AGE 11A - TAG,B,Chamber1,3507,SAA,SHK1,0,0,0,0,1491.45,40,4092
AGE 11A - TAG,B,Chamber1,3507,SAA,POST1,11,40.533,9.01,51.97,47.74,0,2914
AGE 11A - TAG,B,Chamber1,3507,SAA,SHK2,0,0,0,0,1197.8,0,2717
AGE 11A - TAG,B,Chamber1,3507,SAA,POST2,8,39.6,8.8,50.77,55.16,0,3583
AGE 11A - TAG,B,Chamber1,3507,SAA,SHK3,0,0,0,0,1175.58,76,3343
AGE 11A - TAG,B,Chamber1,3507,SAA,POST3,5,49.133,10.92,62.99,80.46,0,4743
AGE 11A - TAG,B,Chamber1,3507,SAA,SHK4,0,0,0,0,1439.48,0,4632
AGE 11A - TAG,B,Chamber1,3507,SAA,POST4,10,42.433,9.43,73.16,33.05,0,4735
AGE 11A - TAG,B,Chamber2,3508,SAA,PRE,7,11.033,2.45,7.36,261.81,0,1852
AGE 11A - TAG,B,Chamber2,3508,SAA,SHK1,0,0,0,0,2240.65,18,5106
AGE 11A - TAG,B,Chamber2,3508,SAA,POST1,5,9.433,2.1,12.09,146.65,0,4172
AGE 11A - TAG,B,Chamber2,3508,SAA,SHK2,0,0,0,0,1828.05,0,5061
AGE 11A - TAG,B,Chamber2,3508,SAA,POST2,13,49.967,11.1,64.06,49.15,0,1558
AGE 11A - TAG,B,Chamber2,3508,SAA,SHK3,0,0,0,0,1337.65,0,2934
AGE 11A - TAG,B,Chamber2,3508,SAA,POST3,5,65.633,14.59,84.15,26.28,0,1819
AGE 11A - TAG,B,Chamber2,3508,SAA,SHK4,0,0,0,0,1565.73,0,3669
AGE 11A - TAG,B,Chamber2,3508,SAA,POST4,3,52.567,11.68,90.63,18.81,0,2852
AGE 11A - TAG,B,Chamber3,3595,SAA,PRE,0,0,0,0,211.07,0,1111
AGE 11A - TAG,B,Chamber3,3595,SAA,SHK1,0,0,0,0,776.9,8,2397
AGE 11A - TAG,B,Chamber3,3595,SAA,POST1,10,33.633,7.47,43.12,53.32,0,1660
AGE 11A - TAG,B,Chamber3,3595,SAA,SHK2,0,0,0,0,467.12,94,1843
AGE 11A - TAG,B,Chamber3,3595,SAA,POST2,11,49.8,11.07,63.85,17.26,0,567
AGE 11A - TAG,B,Chamber3,3595,SAA,SHK3,0,0,0,0,477.77,29,958
AGE 11A - TAG,B,Chamber3,3595,SAA,POST3,4,71.567,15.9,91.75,7.34,0,594
AGE 11A - TAG,B,Chamber3,3595,SAA,SHK4,0,0,0,0,471.72,0,1359
AGE 11A - TAG,B,Chamber3,3595,SAA,POST4,4,53.3,11.84,91.9,13.92,0,1373
AGE 11A - TAG,B,Chamber4,3426,SAA,PRE,0,0,0,0,438.55,0,1910
AGE 11A - TAG,B,Chamber4,3426,SAA,SHK1,0,0,0,0,2031.7,483,5339
AGE 11A - TAG,B,Chamber4,3426,SAA,POST1,4,16.233,3.61,20.81,180.46,0,5788
AGE 11A - TAG,B,Chamber4,3426,SAA,SHK2,0,0,0,0,1798.07,61,5577
AGE 11A - TAG,B,Chamber4,3426,SAA,POST2,10,21.6,4.8,27.69,123.3,0,4924
AGE 11A - TAG,B,Chamber4,3426,SAA,SHK3,0,0,0,0,1717.57,0,4521
AGE 11A - TAG,B,Chamber4,3426,SAA,POST3,10,26.533,5.9,34.02,133.05,0,4305
AGE 11A - TAG,B,Chamber4,3426,SAA,SHK4,0,0,0,0,1972.68,1,3982
AGE 11A - TAG,B,Chamber4,3426,SAA,POST4,7,13.7,3.04,23.62,67.72,0,6624
AGE 11A - TAG,D,Chamber1,3307,SAB,PRE,0,0,0,0,405.7,0,1798
AGE 11A - TAG,D,Chamber1,3307,SAB,SHK1,0,0,0,0,1838.43,431,4586
AGE 11A - TAG,D,Chamber1,3307,SAB,POST1,9,25.567,5.68,32.78,97.86,0,1239
AGE 11A - TAG,D,Chamber1,3307,SAB,SHK2,0,0,0,0,1593.73,78,6187
AGE 11A - TAG,D,Chamber1,3307,SAB,POST2,6,21.533,4.79,27.61,118.65,0,2300
AGE 11A - TAG,D,Chamber1,3307,SAB,SHK3,0,0,0,0,893.8,1,2540
AGE 11A - TAG,D,Chamber1,3307,SAB,POST3,6,65.4,14.53,83.85,38.05,0,4151
AGE 11A - TAG,D,Chamber1,3307,SAB,SHK4,0,0,0,0,1534.35,0,4744
AGE 11A - TAG,D,Chamber1,3307,SAB,POST4,4,47.767,10.61,82.36,28.53,0,1731
AGE 11A - TAG,D,Chamber2,3308,SAB,PRE,0,0,0,0,487.1,0,1934
AGE 11A - TAG,D,Chamber2,3308,SAB,SHK1,0,0,0,0,1731.68,579,3739
AGE 11A - TAG,D,Chamber2,3308,SAB,POST1,5,11.667,2.59,14.96,218.57,0,2613
AGE 11A - TAG,D,Chamber2,3308,SAB,SHK2,0,0,0,0,1348.95,246,4290
AGE 11A - TAG,D,Chamber2,3308,SAB,POST2,4,6.533,1.45,8.38,267.81,0,1752
AGE 11A - TAG,D,Chamber2,3308,SAB,SHK3,0,0,0,0,1104.98,117,2450
AGE 11A - TAG,D,Chamber2,3308,SAB,POST3,5,38.033,8.45,48.76,88.16,0,3391
AGE 11A - TAG,D,Chamber2,3308,SAB,SHK4,0,0,0,0,1026.37,0,2487
AGE 11A - TAG,D,Chamber2,3308,SAB,POST4,2,20.167,4.48,34.77,93.27,0,4750
AGE 11A - TAG,D,Chamber3,3531,SAB,PRE,4,5.233,1.16,3.49,241.13,0,1134
AGE 11A - TAG,D,Chamber3,3531,SAB,SHK1,0,0,0,0,722.8,0,2359
AGE 11A - TAG,D,Chamber3,3531,SAB,POST1,8,24.033,5.34,30.81,50.11,0,1115
AGE 11A - TAG,D,Chamber3,3531,SAB,SHK2,0,0,0,0,891.4,60,2864
AGE 11A - TAG,D,Chamber3,3531,SAB,POST2,5,14.533,3.23,18.63,103.59,0,751
AGE 11A - TAG,D,Chamber3,3531,SAB,SHK3,0,0,0,0,612.62,52,1562
AGE 11A - TAG,D,Chamber3,3531,SAB,POST3,5,60.367,13.41,77.39,39.94,0,4586
AGE 11A - TAG,D,Chamber3,3531,SAB,SHK4,0,0,0,0,805.78,0,2574
AGE 11A - TAG,D,Chamber3,3531,SAB,POST4,6,29.867,6.64,51.49,37.81,0,2011
AGE 11A - TAG,D,Chamber4,3433,SAB,PRE,2,2.133,0.47,1.42,454.38,0,2022
AGE 11A - TAG,D,Chamber4,3433,SAB,SHK1,0,0,0,0,2439.8,477,6624
AGE 11A - TAG,D,Chamber4,3433,SAB,POST1,4,7.533,1.67,9.66,119.34,0,3811
AGE 11A - TAG,D,Chamber4,3433,SAB,SHK2,0,0,0,0,2314.62,252,5152
AGE 11A - TAG,D,Chamber4,3433,SAB,POST2,6,56.733,12.61,72.74,38.23,0,4287
AGE 11A - TAG,D,Chamber4,3433,SAB,SHK3,0,0,0,0,2522.75,2,4522
AGE 11A - TAG,D,Chamber4,3433,SAB,POST3,11,49.667,11.04,63.68,71.99,0,4990
AGE 11A - TAG,D,Chamber4,3433,SAB,SHK4,0,0,0,0,1916,0,4449
AGE 11A - TAG,D,Chamber4,3433,SAB,POST4,3,48.8,10.84,84.14,90.84,0,2586
AGE 11A - TAG,F,Chamber1,3542,CAA,PRE,3,3.1,0.69,2.07,476.21,0,2344
AGE 11A - TAG,F,Chamber1,3542,CAA,SHK1,0,0,0,0,233.53,5,610
AGE 11A - TAG,F,Chamber1,3542,CAA,POST1,0,0,0,0,417.83,0,2016
AGE 11A - TAG,F,Chamber1,3542,CAA,SHK2,0,0,0,0,412.78,38,1247
AGE 11A - TAG,F,Chamber1,3542,CAA,POST2,1,1.267,0.28,1.62,363.67,0,1849
AGE 11A - TAG,F,Chamber1,3542,CAA,SHK3,0,0,0,0,428.88,5,1275
AGE 11A - TAG,F,Chamber1,3542,CAA,POST3,1,1.333,0.3,1.71,405.98,0,1844
AGE 11A - TAG,F,Chamber1,3542,CAA,SHK4,0,0,0,0,741.57,76,1450
AGE 11A - TAG,F,Chamber1,3542,CAA,POST4,1,2.1,0.47,3.62,270.2,0,1546
AGE 11A - TAG,F,Chamber2,3606,CAA,PRE,3,3.633,0.81,2.42,362.05,0,2752
AGE 11A - TAG,F,Chamber2,3606,CAA,SHK1,0,0,0,0,390.05,0,1240
AGE 11A - TAG,F,Chamber2,3606,CAA,POST1,2,3.033,0.67,3.89,361.09,0,1777
AGE 11A - TAG,F,Chamber2,3606,CAA,SHK2,0,0,0,0,390.3,3,1241
AGE 11A - TAG,F,Chamber2,3606,CAA,POST2,0,0,0,0,247.38,0,1574
AGE 11A - TAG,F,Chamber2,3606,CAA,SHK3,0,0,0,0,86.75,0,455
AGE 11A - TAG,F,Chamber2,3606,CAA,POST3,6,12.033,2.67,15.43,137.82,0,1120
AGE 11A - TAG,F,Chamber2,3606,CAA,SHK4,0,0,0,0,57.93,0,246
AGE 11A - TAG,F,Chamber2,3606,CAA,POST4,9,18.767,4.17,32.36,105.35,0,2150
AGE 11A - TAG,F,Chamber3,3661,CAA,PRE,0,0,0,0,142.29,0,1077
AGE 11A - TAG,F,Chamber3,3661,CAA,SHK1,0,0,0,0,6.83,0,46
AGE 11A - TAG,F,Chamber3,3661,CAA,POST1,2,2.8,0.62,3.59,162.79,0,1225
AGE 11A - TAG,F,Chamber3,3661,CAA,SHK2,0,0,0,0,34.52,0,165
AGE 11A - TAG,F,Chamber3,3661,CAA,POST2,4,5.7,1.27,7.31,128.02,0,1129
AGE 11A - TAG,F,Chamber3,3661,CAA,SHK3,0,0,0,0,74.13,16,158
AGE 11A - TAG,F,Chamber3,3661,CAA,POST3,3,3.433,0.76,4.4,162.86,0,1122
AGE 11A - TAG,F,Chamber3,3661,CAA,SHK4,0,0,0,0,351.83,19,789
AGE 11A - TAG,F,Chamber3,3661,CAA,POST4,2,3.533,0.79,6.09,206.47,0,1041
AGE 11A - TAG,F,Chamber4,3607,CAA,PRE,0,0,0,0,368.89,0,9516
AGE 11A - TAG,F,Chamber4,3607,CAA,SHK1,0,0,0,0,29.15,0,113
AGE 11A - TAG,F,Chamber4,3607,CAA,POST1,0,0,0,0,406.57,0,1600
AGE 11A - TAG,F,Chamber4,3607,CAA,SHK2,0,0,0,0,472.33,58,1388
AGE 11A - TAG,F,Chamber4,3607,CAA,POST2,0,0,0,0,435.93,0,2096
AGE 11A - TAG,F,Chamber4,3607,CAA,SHK3,0,0,0,0,66.3,0,195
AGE 11A - TAG,F,Chamber4,3607,CAA,POST3,1,1,0.22,1.28,354.53,0,1624
AGE 11A - TAG,F,Chamber4,3607,CAA,SHK4,0,0,0,0,440.03,25,1051
AGE 11A - TAG,F,Chamber4,3607,CAA,POST4,0,0,0,0,446.12,0,2070
AGE 11A - TAG,G,Chamber1, , ,PRE,1,150,33.33,100,0,0,0
AGE 11A - TAG,G,Chamber1, , ,SHK1,1,2,0.44,100,0,0,0
AGE 11A - TAG,G,Chamber1, , ,POST1,1,78,17.33,100,0,0,0
AGE 11A - TAG,G,Chamber1, , ,SHK2,1,2,0.44,100,0,0,0
AGE 11A - TAG,G,Chamber1, , ,POST2,1,78,17.33,100,0,0,0
AGE 11A - TAG,G,Chamber1, , ,SHK3,1,2,0.44,100,0,0,0
AGE 11A - TAG,G,Chamber1, , ,POST3,1,78,17.33,100,0,0,0
AGE 11A - TAG,G,Chamber1, , ,SHK4,1,2,0.44,100,0,0,0
AGE 11A - TAG,G,Chamber1, , ,POST4,1,58,12.89,100,0,0,0
AGE 11A - TAG,G,Chamber2,3663,CAB,PRE,0,0,0,0,577.83,0,2093
AGE 11A - TAG,G,Chamber2,3663,CAB,SHK1,0,0,0,0,451.37,70,811
AGE 11A - TAG,G,Chamber2,3663,CAB,POST1,1,1.433,0.32,1.84,530.09,0,2188
AGE 11A - TAG,G,Chamber2,3663,CAB,SHK2,0,0,0,0,574.07,22,1682
AGE 11A - TAG,G,Chamber2,3663,CAB,POST2,0,0,0,0,451.06,0,2127
AGE 11A - TAG,G,Chamber2,3663,CAB,SHK3,0,0,0,0,160.95,9,477
AGE 11A - TAG,G,Chamber2,3663,CAB,POST3,0,0,0,0,536.91,0,2421
AGE 11A - TAG,G,Chamber2,3663,CAB,SHK4,0,0,0,0,720.33,24,1643
AGE 11A - TAG,G,Chamber2,3663,CAB,POST4,0,0,0,0,583.08,0,1849
AGE 11A - TAG,G,Chamber3,3664,CAB,PRE,3,3.5,0.78,2.33,167.77,0,1377
AGE 11A - TAG,G,Chamber3,3664,CAB,SHK1,0,0,0,0,143.12,8,389
AGE 11A - TAG,G,Chamber3,3664,CAB,POST1,4,5.567,1.24,7.14,144.92,0,960
AGE 11A - TAG,G,Chamber3,3664,CAB,SHK2,0,0,0,0,72.52,0,295
AGE 11A - TAG,G,Chamber3,3664,CAB,POST2,3,11.333,2.52,14.53,86.27,0,748
AGE 11A - TAG,G,Chamber3,3664,CAB,SHK3,0,0,0,0,183.15,2,527
AGE 11A - TAG,G,Chamber3,3664,CAB,POST3,2,2.767,0.61,3.55,139.52,0,928
AGE 11A - TAG,G,Chamber3,3664,CAB,SHK4,0,0,0,0,69.5,0,328
AGE 11A - TAG,G,Chamber3,3664,CAB,POST4,3,4.3,0.96,7.41,114.36,0,885
AGE 11A - TAG,G,Chamber4,3608,CAB,PRE,0,0,0,0,452.55,0,2216
AGE 11A - TAG,G,Chamber4,3608,CAB,SHK1,0,0,0,0,693.27,121,1159
AGE 11A - TAG,G,Chamber4,3608,CAB,POST1,0,0,0,0,464.68,0,2015
AGE 11A - TAG,G,Chamber4,3608,CAB,SHK2,0,0,0,0,406.95,133,792
AGE 11A - TAG,G,Chamber4,3608,CAB,POST2,0,0,0,0,505.07,0,2266
AGE 11A - TAG,G,Chamber4,3608,CAB,SHK3,0,0,0,0,74.63,0,393
AGE 11A - TAG,G,Chamber4,3608,CAB,POST3,1,3.2,0.71,4.1,389.62,0,1943
AGE 11A - TAG,G,Chamber4,3608,CAB,SHK4,0,0,0,0,319.22,106,577
AGE 11A - TAG,G,Chamber4,3608,CAB,POST4,2,2.967,0.66,5.11,259.58,0,1567
AGE 11A - TAG,H,Chamber1,3596,CAB,PRE,0,0,0,0,316.25,0,1621
AGE 11A - TAG,H,Chamber1,3596,CAB,SHK1,0,0,0,0,172.4,15,383
AGE 11A - TAG,H,Chamber1,3596,CAB,POST1,0,0,0,0,295.91,0,1367
AGE 11A - TAG,H,Chamber1,3596,CAB,SHK2,0,0,0,0,151.82,24,574
AGE 11A - TAG,H,Chamber1,3596,CAB,POST2,0,0,0,0,334.15,0,1649
AGE 11A - TAG,H,Chamber1,3596,CAB,SHK3,0,0,0,0,71.8,0,348
AGE 11A - TAG,H,Chamber1,3596,CAB,POST3,1,1.2,0.27,1.54,298.33,0,1647
AGE 11A - TAG,H,Chamber1,3596,CAB,SHK4,0,0,0,0,375.45,0,1292
AGE 11A - TAG,H,Chamber1,3596,CAB,POST4,1,1.233,0.27,2.13,316.06,0,1530
AGE 11A - TAG,H,Chamber2,3662,CAB,PRE,0,0,0,0,394.25,0,2156
AGE 11A - TAG,H,Chamber2,3662,CAB,SHK1,0,0,0,0,271.88,17,802
AGE 11A - TAG,H,Chamber2,3662,CAB,POST1,2,2.533,0.56,3.25,272.69,0,1629
AGE 11A - TAG,H,Chamber2,3662,CAB,SHK2,0,0,0,0,292.07,0,788
AGE 11A - TAG,H,Chamber2,3662,CAB,POST2,0,0,0,0,477.22,0,2029
AGE 11A - TAG,H,Chamber2,3662,CAB,SHK3,0,0,0,0,118.62,0,319
AGE 11A - TAG,H,Chamber2,3662,CAB,POST3,0,0,0,0,185.01,0,1813
AGE 11A - TAG,H,Chamber2,3662,CAB,SHK4,0,0,0,0,109.73,0,481
AGE 11A - TAG,H,Chamber2,3662,CAB,POST4,0,0,0,0,206.56,0,1366
AGE 11A - TAG,H,Chamber3, , ,PRE,2,149.133,33.14,99.42,97.52,0,39900
AGE 11A - TAG,H,Chamber3, , ,SHK1,1,2,0.44,100,0,0,0
AGE 11A - TAG,H,Chamber3, , ,POST1,1,78,17.33,100,0.01,0,1
AGE 11A - TAG,H,Chamber3, , ,SHK2,1,2,0.44,100,0,0,0
AGE 11A - TAG,H,Chamber3, , ,POST2,1,78,17.33,100,0.01,0,1
AGE 11A - TAG,H,Chamber3, , ,SHK3,1,2,0.44,100,0.02,0,1
AGE 11A - TAG,H,Chamber3, , ,POST3,1,78,17.33,100,0.01,0,1
AGE 11A - TAG,H,Chamber3, , ,SHK4,1,2,0.44,100,0.02,0,1
AGE 11A - TAG,H,Chamber3, , ,POST4,1,58,12.89,100,0.01,0,1
AGE 11A - TAG,H,Chamber4,3858,CAB,PRE,0,0,0,0,518.74,0,1850
AGE 11A - TAG,H,Chamber4,3858,CAB,SHK1,0,0,0,0,474.02,50,826
AGE 11A - TAG,H,Chamber4,3858,CAB,POST1,0,0,0,0,421.8,0,1734
AGE 11A - TAG,H,Chamber4,3858,CAB,SHK2,0,0,0,0,461.75,36,976
AGE 11A - TAG,H,Chamber4,3858,CAB,POST2,0,0,0,0,344.88,2,1605
AGE 11A - TAG,H,Chamber4,3858,CAB,SHK3,0,0,0,0,513.62,13,971
AGE 11A - TAG,H,Chamber4,3858,CAB,POST3,0,0,0,0,364.16,0,1832
AGE 11A - TAG,H,Chamber4,3858,CAB,SHK4,0,0,0,0,355.93,0,992
AGE 11A - TAG,H,Chamber4,3858,CAB,POST4,0,0,0,0,433.85,0,1853
AGE 15 - FC,A,Chamber1,1536,SAA,PRE,0,0,0,0,355.77,0,2098
AGE 15 - FC,A,Chamber1,1536,SAA,SHK1,0,0,0,0,2038.58,190,5242
AGE 15 - FC,A,Chamber1,1536,SAA,POST1,4,21.9,4.87,28.08,151.47,0,6136
AGE 15 - FC,A,Chamber1,1536,SAA,SHK2,0,0,0,0,2156.05,62,4328
AGE 15 - FC,A,Chamber1,1536,SAA,POST2,21,47.567,10.57,60.98,31.85,0,2500
AGE 15 - FC,A,Chamber1,1536,SAA,SHK3,0,0,0,0,1852.65,0,5379
AGE 15 - FC,A,Chamber1,1536,SAA,POST3,8,52.2,11.6,66.92,55.67,0,2452
AGE 15 - FC,A,Chamber1,1536,SAA,SHK4,0,0,0,0,2286.08,0,4902
AGE 15 - FC,A,Chamber1,1536,SAA,POST4,4,45.367,10.08,78.22,12.55,0,1095
AGE 15 - FC,A,Chamber2,1537,SAA,PRE,0,0,0,0,266.29,0,1867
AGE 15 - FC,A,Chamber2,1537,SAA,SHK1,0,0,0,0,1142.9,15,3322
AGE 15 - FC,A,Chamber2,1537,SAA,POST1,11,33.9,7.53,43.46,96.39,0,1157
AGE 15 - FC,A,Chamber2,1537,SAA,SHK2,0,0,0,0,1843.97,253,4427
AGE 15 - FC,A,Chamber2,1537,SAA,POST2,9,34.567,7.68,44.32,40.59,0,2045
AGE 15 - FC,A,Chamber2,1537,SAA,SHK3,0,0,0,0,1562.98,173,4199
AGE 15 - FC,A,Chamber2,1537,SAA,POST3,11,49.767,11.06,63.8,39.12,0,3310
AGE 15 - FC,A,Chamber2,1537,SAA,SHK4,0,0,0,0,2082.6,0,5438
AGE 15 - FC,A,Chamber2,1537,SAA,POST4,2,48.967,10.88,84.43,36.04,0,2715
AGE 15 - FC,A,Chamber3,1543,CAA,PRE,3,3.8,0.84,2.53,212.66,0,1473
AGE 15 - FC,A,Chamber3,1543,CAA,SHK1,0,0,0,0,93.65,0,372
AGE 15 - FC,A,Chamber3,1543,CAA,POST1,5,9,2,11.54,90.98,0,774
AGE 15 - FC,A,Chamber3,1543,CAA,SHK2,0,0,0,0,170.73,3,438
AGE 15 - FC,A,Chamber3,1543,CAA,POST2,3,3.8,0.84,4.87,198.15,0,1251
AGE 15 - FC,A,Chamber3,1543,CAA,SHK3,0,0,0,0,80.87,0,370
AGE 15 - FC,A,Chamber3,1543,CAA,POST3,6,7.1,1.58,9.1,138.57,0,1689
AGE 15 - FC,A,Chamber3,1543,CAA,SHK4,0,0,0,0,425.65,37,1085
AGE 15 - FC,A,Chamber3,1543,CAA,POST4,4,5.5,1.22,9.48,207.46,0,1930
AGE 15 - FC,A,Chamber4,1546,CAA,PRE,0,0,0,0,355.41,0,2361
AGE 15 - FC,A,Chamber4,1546,CAA,SHK1,0,0,0,0,969.6,229,2179
AGE 15 - FC,A,Chamber4,1546,CAA,POST1,0,0,0,0,416.36,0,4213
AGE 15 - FC,A,Chamber4,1546,CAA,SHK2,0,0,0,0,236.82,0,880
AGE 15 - FC,A,Chamber4,1546,CAA,POST2,0,0,0,0,539.39,0,9908
AGE 15 - FC,A,Chamber4,1546,CAA,SHK3,0,0,0,0,436.17,5,1664
AGE 15 - FC,A,Chamber4,1546,CAA,POST3,0,0,0,0,315.88,0,4651
AGE 15 - FC,A,Chamber4,1546,CAA,SHK4,0,0,0,0,106.77,6,296
AGE 15 - FC,A,Chamber4,1546,CAA,POST4,0,0,0,0,375.17,0,4341
AGE 15 - FC,B,Chamber1,1542,SAA,PRE,0,0,0,0,707.69,24,2935
AGE 15 - FC,B,Chamber1,1542,SAA,SHK1,0,0,0,0,2485.53,190,6927
AGE 15 - FC,B,Chamber1,1542,SAA,POST1,0,0,0,0,605.02,0,2625
AGE 15 - FC,B,Chamber1,1542,SAA,SHK2,0,0,0,0,1904.73,545,5641
AGE 15 - FC,B,Chamber1,1542,SAA,POST2,0,0,0,0,356.1,0,3518
AGE 15 - FC,B,Chamber1,1542,SAA,SHK3,0,0,0,0,1842.85,200,4986
AGE 15 - FC,B,Chamber1,1542,SAA,POST3,4,14.667,3.26,18.8,176.33,0,5978
AGE 15 - FC,B,Chamber1,1542,SAA,SHK4,0,0,0,0,1626.17,13,3201
AGE 15 - FC,B,Chamber1,1542,SAA,POST4,5,8.367,1.86,14.43,100.52,0,2064
AGE 15 - FC,B,Chamber2,1544,SAB,PRE,0,0,0,0,550.8,0,2336
AGE 15 - FC,B,Chamber2,1544,SAB,SHK1,0,0,0,0,1986.1,271,4391
AGE 15 - FC,B,Chamber2,1544,SAB,POST1,3,4.733,1.05,6.07,197.62,0,1245
AGE 15 - FC,B,Chamber2,1544,SAB,SHK2,0,0,0,0,1903.08,249,4137
AGE 15 - FC,B,Chamber2,1544,SAB,POST2,10,24.3,5.4,31.15,80,0,2201
AGE 15 - FC,B,Chamber2,1544,SAB,SHK3,0,0,0,0,1578.13,21,5015
AGE 15 - FC,B,Chamber2,1544,SAB,POST3,15,61.5,13.67,78.85,31.58,0,1602
AGE 15 - FC,B,Chamber2,1544,SAB,SHK4,0,0,0,0,1497.13,0,3778
AGE 15 - FC,B,Chamber2,1544,SAB,POST4,2,40.033,8.9,69.02,84.51,0,3077
AGE 15 - FC,B,Chamber3,1548,SAA,PRE,2,2.7,0.6,1.8,204.64,0,2370
AGE 15 - FC,B,Chamber3,1548,SAA,SHK1,0,0,0,0,1305.05,101,3134
AGE 15 - FC,B,Chamber3,1548,SAA,POST1,8,36,8,46.15,52.89,0,1502
AGE 15 - FC,B,Chamber3,1548,SAA,SHK2,0,0,0,0,1370.52,0,3692
AGE 15 - FC,B,Chamber3,1548,SAA,POST2,8,36.767,8.17,47.14,44.7,0,2251
AGE 15 - FC,B,Chamber3,1548,SAA,SHK3,0,0,0,0,1543.63,0,5308
AGE 15 - FC,B,Chamber3,1548,SAA,POST3,4,58.167,12.93,74.57,17.2,0,4802
AGE 15 - FC,B,Chamber3,1548,SAA,SHK4,0,0,0,0,711.95,0,2771
AGE 15 - FC,B,Chamber3,1548,SAA,POST4,4,46.567,10.35,80.29,26.6,0,1053
AGE 15 - FC,B,Chamber4,1553,CAB,PRE,0,0,0,0,649.96,0,7282
AGE 15 - FC,B,Chamber4,1553,CAB,SHK1,0,0,0,0,217.27,12,646
AGE 15 - FC,B,Chamber4,1553,CAB,POST1,0,0,0,0,518.85,0,4086
AGE 15 - FC,B,Chamber4,1553,CAB,SHK2,0,0,0,0,695.03,119,1836
AGE 15 - FC,B,Chamber4,1553,CAB,POST2,0,0,0,0,629.23,0,3058
AGE 15 - FC,B,Chamber4,1553,CAB,SHK3,0,0,0,0,1269.6,334,2053
AGE 15 - FC,B,Chamber4,1553,CAB,POST3,0,0,0,0,567.43,0,2719
AGE 15 - FC,B,Chamber4,1553,CAB,SHK4,0,0,0,0,311.82,48,997
AGE 15 - FC,B,Chamber4,1553,CAB,POST4,0,0,0,0,462.26,0,8695
AGE 15 - FC,C,Chamber1,1549,SAA,PRE,0,0,0,0,737.8,14,2763
AGE 15 - FC,C,Chamber1,1549,SAA,SHK1,0,0,0,0,2682.02,202,6433
AGE 15 - FC,C,Chamber1,1549,SAA,POST1,3,6.2,1.38,7.95,249.67,0,2533
AGE 15 - FC,C,Chamber1,1549,SAA,SHK2,0,0,0,0,2806.85,601,5692
AGE 15 - FC,C,Chamber1,1549,SAA,POST2,6,25,5.56,32.05,131.2,0,2587
AGE 15 - FC,C,Chamber1,1549,SAA,SHK3,0,0,0,0,2400.75,0,7131
AGE 15 - FC,C,Chamber1,1549,SAA,POST3,3,10.433,2.32,13.38,207.69,0,5742
AGE 15 - FC,C,Chamber1,1549,SAA,SHK4,0,0,0,0,3153.62,0,6430
AGE 15 - FC,C,Chamber1,1549,SAA,POST4,3,34.6,7.69,59.66,107.57,0,4736
AGE 15 - FC,C,Chamber2,1550,SAB,PRE,0,0,0,0,519.88,0,2546
AGE 15 - FC,C,Chamber2,1550,SAB,SHK1,0,0,0,0,2169.57,695,5095
AGE 15 - FC,C,Chamber2,1550,SAB,POST1,0,0,0,0,324.06,0,4409
AGE 15 - FC,C,Chamber2,1550,SAB,SHK2,0,0,0,0,2256.5,168,4763
AGE 15 - FC,C,Chamber2,1550,SAB,POST2,6,8.2,1.82,10.51,208.89,0,3024
AGE 15 - FC,C,Chamber2,1550,SAB,SHK3,0,0,0,0,2271.68,0,5183
AGE 15 - FC,C,Chamber2,1550,SAB,POST3,15,33.033,7.34,42.35,67.93,0,3830
AGE 15 - FC,C,Chamber2,1550,SAB,SHK4,0,0,0,0,2199.32,0,6873
AGE 15 - FC,C,Chamber2,1550,SAB,POST4,9,34.9,7.76,60.17,64.29,0,3833
AGE 15 - FC,C,Chamber3,1551,SAB,PRE,1,1.233,0.27,0.82,196.94,0,9036
AGE 15 - FC,C,Chamber3,1551,SAB,SHK1,0,0,0,0,1756.42,0,3266
AGE 15 - FC,C,Chamber3,1551,SAB,POST1,10,28.1,6.24,36.03,76.71,0,3356
AGE 15 - FC,C,Chamber3,1551,SAB,SHK2,0,0,0,0,2026.87,0,4383
AGE 15 - FC,C,Chamber3,1551,SAB,POST2,13,47.933,10.65,61.45,55.85,0,4108
AGE 15 - FC,C,Chamber3,1551,SAB,SHK3,0,0,0,0,1924.3,0,5864
AGE 15 - FC,C,Chamber3,1551,SAB,POST3,8,58.967,13.1,75.6,25.73,0,3166
AGE 15 - FC,C,Chamber3,1551,SAB,SHK4,0,0,0,0,1160.92,0,3475
AGE 15 - FC,C,Chamber3,1551,SAB,POST4,4,50.633,11.25,87.3,22.86,0,2888
AGE 15 - FC,C,Chamber4,1552,CAB,PRE,0,0,0,0,826.2,0,5002
AGE 15 - FC,C,Chamber4,1552,CAB,SHK1,0,0,0,0,248.78,2,499
AGE 15 - FC,C,Chamber4,1552,CAB,POST1,0,0,0,0,783.96,16,4321
AGE 15 - FC,C,Chamber4,1552,CAB,SHK2,0,0,0,0,243.1,41,406
AGE 15 - FC,C,Chamber4,1552,CAB,POST2,0,0,0,0,705.77,36,2400
AGE 15 - FC,C,Chamber4,1552,CAB,SHK3,0,0,0,0,634.75,116,1405
AGE 15 - FC,C,Chamber4,1552,CAB,POST3,0,0,0,0,682.85,1,3780
AGE 15 - FC,C,Chamber4,1552,CAB,SHK4,0,0,0,0,113.25,6,466
AGE 15 - FC,C,Chamber4,1552,CAB,POST4,0,0,0,0,744.1,5,2556
AGE 15 - FC,D,Chamber1,1554,SAA,PRE,5,7.533,1.67,5.02,382.64,0,2740
AGE 15 - FC,D,Chamber1,1554,SAA,SHK1,0,0,0,0,1401.17,310,2751
AGE 15 - FC,D,Chamber1,1554,SAA,POST1,9,24.933,5.54,31.97,94.97,0,2678
AGE 15 - FC,D,Chamber1,1554,SAA,SHK2,0,0,0,0,1403.53,0,3225
AGE 15 - FC,D,Chamber1,1554,SAA,POST2,10,26.033,5.79,33.38,80.94,0,2180
AGE 15 - FC,D,Chamber1,1554,SAA,SHK3,0,0,0,0,1763.85,0,5361
AGE 15 - FC,D,Chamber1,1554,SAA,POST3,0,0,0,0,155.52,0,3427
AGE 15 - FC,D,Chamber1,1554,SAA,SHK4,0,0,0,0,1138.02,96,3144
AGE 15 - FC,D,Chamber1,1554,SAA,POST4,3,43.567,9.68,75.11,59.02,0,1856
AGE 15 - FC,D,Chamber2,1744,SAB,PRE,0,0,0,0,593.89,0,2554
AGE 15 - FC,D,Chamber2,1744,SAB,SHK1,0,0,0,0,2618.47,323,5355
AGE 15 - FC,D,Chamber2,1744,SAB,POST1,2,3.133,0.7,4.02,225.19,0,3360
AGE 15 - FC,D,Chamber2,1744,SAB,SHK2,0,0,0,0,1972.68,327,4699
AGE 15 - FC,D,Chamber2,1744,SAB,POST2,5,6.9,1.53,8.85,92.19,0,1493
AGE 15 - FC,D,Chamber2,1744,SAB,SHK3,0,0,0,0,2473.95,30,6042
AGE 15 - FC,D,Chamber2,1744,SAB,POST3,13,35.133,7.81,45.04,43.99,0,3206
AGE 15 - FC,D,Chamber2,1744,SAB,SHK4,0,0,0,0,2376.25,0,5849
AGE 15 - FC,D,Chamber2,1744,SAB,POST4,7,43.467,9.66,74.94,64.9,0,3347
AGE 15 - FC,D,Chamber3,1743,CAA,PRE,2,2.133,0.47,1.42,118.06,0,1010
AGE 15 - FC,D,Chamber3,1743,CAA,SHK1,0,0,0,0,56.98,5,149
AGE 15 - FC,D,Chamber3,1743,CAA,POST1,2,2.667,0.59,3.42,167.33,0,991
AGE 15 - FC,D,Chamber3,1743,CAA,SHK2,0,0,0,0,27.35,0,201
AGE 15 - FC,D,Chamber3,1743,CAA,POST2,1,1.233,0.27,1.58,197.88,0,1117
AGE 15 - FC,D,Chamber3,1743,CAA,SHK3,0,0,0,0,33.82,0,242
AGE 15 - FC,D,Chamber3,1743,CAA,POST3,0,0,0,0,160.54,0,843
AGE 15 - FC,D,Chamber3,1743,CAA,SHK4,0,0,0,0,231.58,0,600
AGE 15 - FC,D,Chamber3,1743,CAA,POST4,0,0,0,0,239.56,0,1293
AGE 15 - FC,D,Chamber4,1800,CAB,PRE,0,0,0,0,446.21,1,2257
AGE 15 - FC,D,Chamber4,1800,CAB,SHK1,0,0,0,0,915.6,331,1804
AGE 15 - FC,D,Chamber4,1800,CAB,POST1,0,0,0,0,492.76,0,2620
AGE 15 - FC,D,Chamber4,1800,CAB,SHK2,0,0,0,0,320.43,62,1047
AGE 15 - FC,D,Chamber4,1800,CAB,POST2,0,0,0,0,380.91,0,2920
AGE 15 - FC,D,Chamber4,1800,CAB,SHK3,0,0,0,0,434.8,79,1134
AGE 15 - FC,D,Chamber4,1800,CAB,POST3,0,0,0,0,477.12,0,1878
AGE 15 - FC,D,Chamber4,1800,CAB,SHK4,0,0,0,0,319.65,62,899
AGE 15 - FC,D,Chamber4,1800,CAB,POST4,0,0,0,0,552.31,1,2143
AGE 15 - FC,E,Chamber1,1655,SAA,PRE,0,0,0,0,591.64,3,2454
AGE 15 - FC,E,Chamber1,1655,SAA,SHK1,0,0,0,0,1654.73,95,3840
AGE 15 - FC,E,Chamber1,1655,SAA,POST1,0,0,0,0,339.02,0,2235
AGE 15 - FC,E,Chamber1,1655,SAA,SHK2,0,0,0,0,1647.73,163,3894
AGE 15 - FC,E,Chamber1,1655,SAA,POST2,0,0,0,0,105.39,0,2879
AGE 15 - FC,E,Chamber1,1655,SAA,SHK3,0,0,0,0,1588.17,11,3927
AGE 15 - FC,E,Chamber1,1655,SAA,POST3,8,42.9,9.53,55,34.48,0,2250
AGE 15 - FC,E,Chamber1,1655,SAA,SHK4,0,0,0,0,1783.23,0,4798
AGE 15 - FC,E,Chamber1,1655,SAA,POST4,8,33.233,7.39,57.3,66.73,0,3699
AGE 15 - FC,E,Chamber2,1661,SAB,PRE,0,0,0,0,359.3,0,1917
AGE 15 - FC,E,Chamber2,1661,SAB,SHK1,0,0,0,0,1617.33,113,4610
AGE 15 - FC,E,Chamber2,1661,SAB,POST1,0,0,0,0,407.85,0,4424
AGE 15 - FC,E,Chamber2,1661,SAB,SHK2,0,0,0,0,2106.45,402,4203
AGE 15 - FC,E,Chamber2,1661,SAB,POST2,0,0,0,0,353.49,0,3655
AGE 15 - FC,E,Chamber2,1661,SAB,SHK3,0,0,0,0,2095.03,9,5488
AGE 15 - FC,E,Chamber2,1661,SAB,POST3,2,2.733,0.61,3.5,272.25,0,4654
AGE 15 - FC,E,Chamber2,1661,SAB,SHK4,0,0,0,0,1703.92,1,4058
AGE 15 - FC,E,Chamber2,1661,SAB,POST4,11,22.167,4.93,38.22,181.54,0,3320
AGE 15 - FC,E,Chamber3,1751,CAA,PRE,0,0,0,0,234.21,0,1361
AGE 15 - FC,E,Chamber3,1751,CAA,SHK1,0,0,0,0,139.25,0,297
AGE 15 - FC,E,Chamber3,1751,CAA,POST1,2,3.067,0.68,3.93,216.44,0,1140
AGE 15 - FC,E,Chamber3,1751,CAA,SHK2,0,0,0,0,334.4,4,858
AGE 15 - FC,E,Chamber3,1751,CAA,POST2,0,0,0,0,179.57,0,1104
AGE 15 - FC,E,Chamber3,1751,CAA,SHK3,0,0,0,0,158.1,0,508
AGE 15 - FC,E,Chamber3,1751,CAA,POST3,0,0,0,0,184.58,0,1227
AGE 15 - FC,E,Chamber3,1751,CAA,SHK4,0,0,0,0,189.67,11,563
AGE 15 - FC,E,Chamber3,1751,CAA,POST4,0,0,0,0,201.9,0,1042
AGE 15 - FC,E,Chamber4,1753,CAB,PRE,0,0,0,0,519.82,0,1847
AGE 15 - FC,E,Chamber4,1753,CAB,SHK1,0,0,0,0,846.55,414,1348
AGE 15 - FC,E,Chamber4,1753,CAB,POST1,0,0,0,0,516.48,0,2169
AGE 15 - FC,E,Chamber4,1753,CAB,SHK2,0,0,0,0,443.25,103,980
AGE 15 - FC,E,Chamber4,1753,CAB,POST2,0,0,0,0,633.21,0,2009
AGE 15 - FC,E,Chamber4,1753,CAB,SHK3,0,0,0,0,330.62,27,1048
AGE 15 - FC,E,Chamber4,1753,CAB,POST3,0,0,0,0,605.94,2,1837
AGE 15 - FC,E,Chamber4,1753,CAB,SHK4,0,0,0,0,440.05,52,920
AGE 15 - FC,E,Chamber4,1753,CAB,POST4,0,0,0,0,511.48,0,1729
AGE 16 - FC,A,Chamber1,8363,SAA,PRE,0,0,0,0,265.85,0,1683
AGE 16 - FC,A,Chamber1,8363,SAA,SHK1,0,0,0,0,1291.22,59,3039
AGE 16 - FC,A,Chamber1,8363,SAA,POST1,2,2.633,0.59,3.38,153.18,0,983
AGE 16 - FC,A,Chamber1,8363,SAA,SHK2,0,0,0,0,1076.23,118,2496
AGE 16 - FC,A,Chamber1,8363,SAA,POST2,9,17,3.78,21.79,113.85,0,2936
AGE 16 - FC,A,Chamber1,8363,SAA,SHK3,0,0,0,0,1035.2,80,3306
AGE 16 - FC,A,Chamber1,8363,SAA,POST3,10,56.667,12.59,72.65,24.69,0,1902
AGE 16 - FC,A,Chamber1,8363,SAA,SHK4,0,0,0,0,1253.1,0,2825
AGE 16 - FC,A,Chamber1,8363,SAA,POST4,7,49.7,11.04,85.69,13.12,0,1131
AGE 16 - FC,A,Chamber2,8366,SAB,PRE,0,0,0,0,228.9,0,1066
AGE 16 - FC,A,Chamber2,8366,SAB,SHK1,0,0,0,0,1795.13,34,4336
AGE 16 - FC,A,Chamber2,8366,SAB,POST1,18,40,8.89,51.28,67.76,0,1647
AGE 16 - FC,A,Chamber2,8366,SAB,SHK2,0,0,0,0,1011.6,155,3458
AGE 16 - FC,A,Chamber2,8366,SAB,POST2,9,32.4,7.2,41.54,89.58,0,1682
AGE 16 - FC,A,Chamber2,8366,SAB,SHK3,0,0,0,0,876.07,59,2189
AGE 16 - FC,A,Chamber2,8366,SAB,POST3,12,32.6,7.24,41.79,104.69,0,1637
AGE 16 - FC,A,Chamber2,8366,SAB,SHK4,0,0,0,0,504.53,0,2237
AGE 16 - FC,A,Chamber2,8366,SAB,POST4,9,30.367,6.75,52.36,36.64,0,1990
AGE 16 - FC,A,Chamber3,8390,CAA,PRE,4,5.133,1.14,3.42,136.85,0,1294
AGE 16 - FC,A,Chamber3,8390,CAA,SHK1,0,0,0,0,83.27,0,333
AGE 16 - FC,A,Chamber3,8390,CAA,POST1,4,6.167,1.37,7.91,95.22,0,684
AGE 16 - FC,A,Chamber3,8390,CAA,SHK2,0,0,0,0,48.37,0,253
AGE 16 - FC,A,Chamber3,8390,CAA,POST2,6,9.9,2.2,12.69,75.26,0,711
AGE 16 - FC,A,Chamber3,8390,CAA,SHK3,0,0,0,0,195.23,0,522
AGE 16 - FC,A,Chamber3,8390,CAA,POST3,5,7.433,1.65,9.53,101.31,0,763
AGE 16 - FC,A,Chamber3,8390,CAA,SHK4,0,0,0,0,59.47,0,437
AGE 16 - FC,A,Chamber3,8390,CAA,POST4,5,9.433,2.1,16.26,77.88,0,600
AGE 16 - FC,A,Chamber4,8212,CAB,PRE,0,0,0,0,501.13,0,2135
AGE 16 - FC,A,Chamber4,8212,CAB,SHK1,0,0,0,0,196.3,26,518
AGE 16 - FC,A,Chamber4,8212,CAB,POST1,0,0,0,0,337.6,0,1449
AGE 16 - FC,A,Chamber4,8212,CAB,SHK2,0,0,0,0,184.62,42,508
AGE 16 - FC,A,Chamber4,8212,CAB,POST2,0,0,0,0,425.05,0,2303
AGE 16 - FC,A,Chamber4,8212,CAB,SHK3,0,0,0,0,791.4,89,1635
AGE 16 - FC,A,Chamber4,8212,CAB,POST3,0,0,0,0,424.99,0,2119
AGE 16 - FC,A,Chamber4,8212,CAB,SHK4,0,0,0,0,472.42,11,948
AGE 16 - FC,A,Chamber4,8212,CAB,POST4,1,1.1,0.24,1.9,514.83,0,2603
AGE 16 - FC,B,Chamber1,8216,SAA,PRE,0,0,0,0,373.59,0,2590
AGE 16 - FC,B,Chamber1,8216,SAA,SHK1,0,0,0,0,1037.28,162,2254
AGE 16 - FC,B,Chamber1,8216,SAA,POST1,3,4.067,0.9,5.21,287.31,0,1790
AGE 16 - FC,B,Chamber1,8216,SAA,SHK2,0,0,0,0,503.1,40,2067
AGE 16 - FC,B,Chamber1,8216,SAA,POST2,6,14,3.11,17.95,130.16,0,1621
AGE 16 - FC,B,Chamber1,8216,SAA,SHK3,0,0,0,0,660.73,29,1676
AGE 16 - FC,B,Chamber1,8216,SAA,POST3,6,14.533,3.23,18.63,195.69,0,1847
AGE 16 - FC,B,Chamber1,8216,SAA,SHK4,0,0,0,0,978.08,167,2638
AGE 16 - FC,B,Chamber1,8216,SAA,POST4,8,15.467,3.44,26.67,176.77,0,1749
AGE 16 - FC,B,Chamber2,8217,SAB,PRE,4,10.467,2.33,6.98,156.44,0,1036
AGE 16 - FC,B,Chamber2,8217,SAB,SHK1,0,0,0,0,1042.77,0,3478
AGE 16 - FC,B,Chamber2,8217,SAB,POST1,4,19,4.22,24.36,79.86,0,2137
AGE 16 - FC,B,Chamber2,8217,SAB,SHK2,0,0,0,0,748.07,230,1863
AGE 16 - FC,B,Chamber2,8217,SAB,POST2,3,14.133,3.14,18.12,99.79,0,1371
AGE 16 - FC,B,Chamber2,8217,SAB,SHK3,0,0,0,0,913.25,39,2079
AGE 16 - FC,B,Chamber2,8217,SAB,POST3,8,37.167,8.26,47.65,22.8,0,798
AGE 16 - FC,B,Chamber2,8217,SAB,SHK4,0,0,0,0,890.72,8,2475
AGE 16 - FC,B,Chamber2,8217,SAB,POST4,4,10.433,2.32,17.99,30.66,0,770
AGE 16 - FC,B,Chamber3,8221,CAA,PRE,1,2.233,0.5,1.49,128.47,0,1098
AGE 16 - FC,B,Chamber3,8221,CAA,SHK1,0,0,0,0,148.25,6,401
AGE 16 - FC,B,Chamber3,8221,CAA,POST1,4,5.633,1.25,7.22,96.93,0,742
AGE 16 - FC,B,Chamber3,8221,CAA,SHK2,0,0,0,0,176.67,6,567
AGE 16 - FC,B,Chamber3,8221,CAA,POST2,2,3.1,0.69,3.97,118.68,0,1706
AGE 16 - FC,B,Chamber3,8221,CAA,SHK3,0,0,0,0,68.15,1,252
AGE 16 - FC,B,Chamber3,8221,CAA,POST3,1,1.233,0.27,1.58,125,0,767
AGE 16 - FC,B,Chamber3,8221,CAA,SHK4,0,0,0,0,57.47,2,242
AGE 16 - FC,B,Chamber3,8221,CAA,POST4,0,0,0,0,125.56,0,610
AGE 16 - FC,B,Chamber4,8283,CAB,PRE,0,0,0,0,234.89,0,1521
AGE 16 - FC,B,Chamber4,8283,CAB,SHK1,0,0,0,0,367.62,44,746
AGE 16 - FC,B,Chamber4,8283,CAB,POST1,0,0,0,0,298.71,0,1559
AGE 16 - FC,B,Chamber4,8283,CAB,SHK2,0,0,0,0,594.72,42,1281
AGE 16 - FC,B,Chamber4,8283,CAB,POST2,0,0,0,0,210.33,0,1592
AGE 16 - FC,B,Chamber4,8283,CAB,SHK3,0,0,0,0,314.65,32,695
AGE 16 - FC,B,Chamber4,8283,CAB,POST3,1,1.067,0.24,1.37,268.32,0,1908
AGE 16 - FC,B,Chamber4,8283,CAB,SHK4,0,0,0,0,60.77,0,260
AGE 16 - FC,B,Chamber4,8283,CAB,POST4,0,0,0,0,252.72,0,1828
AGE 16 - FC,C,Chamber1,1296,SAA,PRE,0,0,0,0,558.97,0,2251
AGE 16 - FC,C,Chamber1,1296,SAA,SHK1,0,0,0,0,1015.95,54,2571
AGE 16 - FC,C,Chamber1,1296,SAA,POST1,0,0,0,0,572.16,0,2106
AGE 16 - FC,C,Chamber1,1296,SAA,SHK2,0,0,0,0,1345.55,191,3196
AGE 16 - FC,C,Chamber1,1296,SAA,POST2,0,0,0,0,219.16,0,1852
AGE 16 - FC,C,Chamber1,1296,SAA,SHK3,0,0,0,0,1043.08,5,3149
AGE 16 - FC,C,Chamber1,1296,SAA,POST3,9,14.8,3.29,18.97,93.08,0,1833
AGE 16 - FC,C,Chamber1,1296,SAA,SHK4,0,0,0,0,1521.53,24,3601
AGE 16 - FC,C,Chamber1,1296,SAA,POST4,5,6.967,1.55,12.01,163.8,0,2016
AGE 16 - FC,C,Chamber2,1298,SAA,PRE,0,0,0,0,433.03,0,1981
AGE 16 - FC,C,Chamber2,1298,SAA,SHK1,0,0,0,0,1933.1,79,4747
AGE 16 - FC,C,Chamber2,1298,SAA,POST1,1,1.667,0.37,2.14,329.25,0,2297
AGE 16 - FC,C,Chamber2,1298,SAA,SHK2,0,0,0,0,1685.97,0,5219
AGE 16 - FC,C,Chamber2,1298,SAA,POST2,2,2.333,0.52,2.99,262.45,0,3027
AGE 16 - FC,C,Chamber2,1298,SAA,SHK3,0,0,0,0,1222.4,16,3692
AGE 16 - FC,C,Chamber2,1298,SAA,POST3,4,5.233,1.16,6.71,211.1,0,4463
AGE 16 - FC,C,Chamber2,1298,SAA,SHK4,0,0,0,0,1995,121,4742
AGE 16 - FC,C,Chamber2,1298,SAA,POST4,8,13.567,3.01,23.39,167.52,0,3446
AGE 16 - FC,C,Chamber3,1302,SAA,PRE,0,0,0,0,217.05,0,1202
AGE 16 - FC,C,Chamber3,1302,SAA,SHK1,0,0,0,0,1617.55,5,3600
AGE 16 - FC,C,Chamber3,1302,SAA,POST1,9,19.9,4.42,25.51,54.07,0,1675
AGE 16 - FC,C,Chamber3,1302,SAA,SHK2,0,0,0,0,961.82,107,2335
AGE 16 - FC,C,Chamber3,1302,SAA,POST2,12,33.233,7.39,42.61,43.64,0,984
AGE 16 - FC,C,Chamber3,1302,SAA,SHK3,0,0,0,0,920.53,0,2310
AGE 16 - FC,C,Chamber3,1302,SAA,POST3,8,50.967,11.33,65.34,26.17,0,2417
AGE 16 - FC,C,Chamber3,1302,SAA,SHK4,0,0,0,0,1076.73,0,2928
AGE 16 - FC,C,Chamber3,1302,SAA,POST4,3,52.633,11.7,90.75,18.13,0,1084
AGE 16 - FC,C,Chamber4,1303,SAB,PRE,0,0,0,0,408.92,0,2559
AGE 16 - FC,C,Chamber4,1303,SAB,SHK1,0,0,0,0,611.17,85,1259
AGE 16 - FC,C,Chamber4,1303,SAB,POST1,0,0,0,0,411.3,0,2242
AGE 16 - FC,C,Chamber4,1303,SAB,SHK2,0,0,0,0,242.73,9,633
AGE 16 - FC,C,Chamber4,1303,SAB,POST2,0,0,0,0,394.61,0,2057
AGE 16 - FC,C,Chamber4,1303,SAB,SHK3,0,0,0,0,660.43,210,1401
AGE 16 - FC,C,Chamber4,1303,SAB,POST3,0,0,0,0,295.74,0,1531
AGE 16 - FC,C,Chamber4,1303,SAB,SHK4,0,0,0,0,893.55,235,1712
AGE 16 - FC,C,Chamber4,1303,SAB,POST4,0,0,0,0,335.75,0,2170